SampleID,Type,Resistance Status,Rel.Res,Location.2,Location,Original Location,Loc.Abbr,WC,Year,Wild/Captive,Source,Original Tube Name,Sex,Date,Line,Extraction Block,Extraction Date,Extracted By,Well,16S Primer Plate,16S Sequence Name,16S Sequence,16S Barcode,ITS Sequence Name,ITS Sequence,ITS Barcode,ITS Primer plate
GW004,GWSS,,,Edison Kern County,Edison Kern County,Edison Kern County,Kern County,,2017,Wild,Frank,edison kern,F,8/8/17,,A,4/5/22,Cassie/Tania/Jessica,E2,3,515rcbc_JedArch_241,AATGATACGGCGACCACCGAGATCTACACGCTGAACCGTGCAGGTATGGTAATTGTGTGYCAGCMGCCGCGGTAA,GAACCGTGCAGG,kabir_ITSrcbc337,CAAGCAGAAGACGGCATACGAGATTGTGTAGCCATGCGGCTGCGTTCTTCATCGATGC,TGTGTAGCCATG,4
GW028,GWSS,,,Edison Kern County,Edison Kern County,Edison Kern County,Kern County,,2017,Wild,Frank,edison kern,F,8/8/17,,A,4/5/22,Cassie/Tania/Jessica,G11,3,515rcbc_JedArch_274,AATGATACGGCGACCACCGAGATCTACACGCTACACCGCACAATTATGGTAATTGTGTGYCAGCMGCCGCGGTAA,ACACCGCACAAT,kabir_ITSrcbc370,CAAGCAGAAGACGGCATACGAGATACCTGTCCTTTCCGGCTGCGTTCTTCATCGATGC,ACCTGTCCTTTC,4
GW037,GWSS,,,Edison Kern County,Edison Kern County,Edison Kern County,Kern County,,2017,Wild,Frank,edison kern,M,8/8/17,,B,4/5/22,Cassie/Tania/Jessica,G7,3,515rcbc_JedArch_270,AATGATACGGCGACCACCGAGATCTACACGCTCGAATACTGACATATGGTAATTGTGTGYCAGCMGCCGCGGTAA,CGAATACTGACA,kabir_ITSrcbc366,CAAGCAGAAGACGGCATACGAGATCGCCACGTGTATCGGCTGCGTTCTTCATCGATGC,CGCCACGTGTAT,4
GW060,GWSS,,,Edison Kern County,Edison Kern County,Edison Kern County,Kern County,,2017,Wild,Frank,edison kern,M,8/8/17,,C,4/11/22,Cassie,G12,3,515rcbc_JedArch_275,AATGATACGGCGACCACCGAGATCTACACGCTCACAACCACAACTATGGTAATTGTGTGYCAGCMGCCGCGGTAA,CACAACCACAAC,kabir_ITSrcbc371,CAAGCAGAAGACGGCATACGAGATGTTCACGCCCAACGGCTGCGTTCTTCATCGATGC,GTTCACGCCCAA,4
GW064,GWSS,,,Edison Kern County,Edison Kern County,Edison Kern County,Kern County,,2017,Wild,Frank,edison kern,F,8/8/17,,C,4/11/22,Cassie,B6,3,515rcbc_JedArch_209,AATGATACGGCGACCACCGAGATCTACACGCTCCGCGTCTCAACTATGGTAATTGTGTGYCAGCMGCCGCGGTAA,CCGCGTCTCAAC,kabir_ITSrcbc305,CAAGCAGAAGACGGCATACGAGATGACGCACTAACTCGGCTGCGTTCTTCATCGATGC,GACGCACTAACT,4
GW088,GWSS,,,Edison Kern County,Edison Kern County,Edison Kern County,Kern County,,2017,Wild,Frank,edison kern,M,8/8/17,,D,4/11/22,Cassie/Tania/Jessica,H8,3,515rcbc_JedArch_283,AATGATACGGCGACCACCGAGATCTACACGCTTATAGGCTCCGCTATGGTAATTGTGTGYCAGCMGCCGCGGTAA,TATAGGCTCCGC,kabir_ITSrcbc379,CAAGCAGAAGACGGCATACGAGATTTCTCATGGAGGCGGCTGCGTTCTTCATCGATGC,TTCTCATGGAGG,4
GW009,GWSS,Susceptible,Susceptible,Urban Site Kern County,Urban Site Kern County,Urban Site Kern County,Kern County,SUS,2019,Wild,Dylan,KS3,F,19-Aug,SUS,A,4/5/22,Cassie/Tania/Jessica,H7,3,515rcbc_JedArch_282,AATGATACGGCGACCACCGAGATCTACACGCTACACACCCTGACTATGGTAATTGTGTGYCAGCMGCCGCGGTAA,ACACACCCTGAC,kabir_ITSrcbc378,CAAGCAGAAGACGGCATACGAGATATGCTGCAACACCGGCTGCGTTCTTCATCGATGC,ATGCTGCAACAC,4
GW014,GWSS,Susceptible,Susceptible,Urban Site Kern County,Urban Site Kern County,Urban Site Kern County,Kern County,SUS,2019,Wild,Dylan,KS6,M,19-Aug,SUS,A,4/5/22,Cassie/Tania/Jessica,B1,3,515rcbc_JedArch_204,AATGATACGGCGACCACCGAGATCTACACGCTCGCGCAAGTATTTATGGTAATTGTGTGYCAGCMGCCGCGGTAA,CGCGCAAGTATT,kabir_ITSrcbc300,CAAGCAGAAGACGGCATACGAGATTCCAACTGCAGACGGCTGCGTTCTTCATCGATGC,TCCAACTGCAGA,4
GW024,GWSS,Susceptible,Susceptible,Urban Site Kern County,Urban Site Kern County,Urban Site Kern County,Kern County,SUS,2019,Wild,Dylan,KS4,M,19-Aug,SUS,A,4/5/22,Cassie/Tania/Jessica,E7,3,515rcbc_JedArch_246,AATGATACGGCGACCACCGAGATCTACACGCTTGGCAGCGAGCCTATGGTAATTGTGTGYCAGCMGCCGCGGTAA,TGGCAGCGAGCC,kabir_ITSrcbc342,CAAGCAGAAGACGGCATACGAGATTATGAACGTCCGCGGCTGCGTTCTTCATCGATGC,TATGAACGTCCG,4
GW027,GWSS,Susceptible,Susceptible,Urban Site Kern County,Urban Site Kern County,Urban Site Kern County,Kern County,SUS,2019,Wild,Dylan,KS1,F,19-Aug,SUS,A,4/5/22,Cassie/Tania/Jessica,H9,3,515rcbc_JedArch_284,AATGATACGGCGACCACCGAGATCTACACGCTATAATTGCCGAGTATGGTAATTGTGTGYCAGCMGCCGCGGTAA,ATAATTGCCGAG,kabir_ITSrcbc380,CAAGCAGAAGACGGCATACGAGATCATAGTGATTGGCGGCTGCGTTCTTCATCGATGC,CATAGTGATTGG,4
GW029,GWSS,Resistant,Resistant,General Beale Kern County,General Beale Kern County,General Beale Kern County,Kern County,RES,2019,Wild,Dylan,KR1,F,19-Aug,RES,B,4/5/22,Cassie/Tania/Jessica,C6,3,515rcbc_JedArch_221,AATGATACGGCGACCACCGAGATCTACACGCTTGGTGGAGTTTCTATGGTAATTGTGTGYCAGCMGCCGCGGTAA,TGGTGGAGTTTC,kabir_ITSrcbc317,CAAGCAGAAGACGGCATACGAGATATGCTAACCACGCGGCTGCGTTCTTCATCGATGC,ATGCTAACCACG,4
GW035,GWSS,Resistant,Resistant,General Beale Kern County,General Beale Kern County,General Beale Kern County,Kern County,RES,2019,Wild,Dylan,KR4,M,19-Aug,RES,B,4/5/22,Cassie/Tania/Jessica,F6,3,515rcbc_JedArch_257,AATGATACGGCGACCACCGAGATCTACACGCTTCGCTACAGATGTATGGTAATTGTGTGYCAGCMGCCGCGGTAA,TCGCTACAGATG,kabir_ITSrcbc353,CAAGCAGAAGACGGCATACGAGATATTGAGTGAGTCCGGCTGCGTTCTTCATCGATGC,ATTGAGTGAGTC,4
GW036,GWSS,Resistant,Resistant,General Beale Kern County,General Beale Kern County,General Beale Kern County,Kern County,RES,2019,Wild,Dylan,KR3,M,19-Aug,RES,B,4/5/22,Cassie/Tania/Jessica,G9,3,515rcbc_JedArch_272,AATGATACGGCGACCACCGAGATCTACACGCTTAAGGTCGATAATATGGTAATTGTGTGYCAGCMGCCGCGGTAA,TAAGGTCGATAA,kabir_ITSrcbc368,CAAGCAGAAGACGGCATACGAGATCATGTGCTTAGGCGGCTGCGTTCTTCATCGATGC,CATGTGCTTAGG,4
GW045,GWSS,Resistant,Resistant,General Beale Kern County,General Beale Kern County,General Beale Kern County,Kern County,RES,2019,Wild,Dylan,KR2,M,19-Aug,RES,B,4/5/22,Cassie/Tania/Jessica,A6,3,515rcbc_JedArch_197,AATGATACGGCGACCACCGAGATCTACACGCTCAATGTAGACACTATGGTAATTGTGTGYCAGCMGCCGCGGTAA,CAATGTAGACAC,kabir_ITSrcbc293,CAAGCAGAAGACGGCATACGAGATCCAGACCGCTATCGGCTGCGTTCTTCATCGATGC,CCAGACCGCTAT,4
GW049,GWSS,Resistant,Resistant,General Beale Kern County,General Beale Kern County,General Beale Kern County,Kern County,RES,2019,Wild,Dylan,KR8,F,19-Aug,RES,C,4/11/22,Cassie,A9,3,515rcbc_JedArch_200,AATGATACGGCGACCACCGAGATCTACACGCTCCAGGACAGGAATATGGTAATTGTGTGYCAGCMGCCGCGGTAA,CCAGGACAGGAA,kabir_ITSrcbc296,CAAGCAGAAGACGGCATACGAGATCGATGTGTGGTTCGGCTGCGTTCTTCATCGATGC,CGATGTGTGGTT,4
GW053,GWSS,Resistant,Resistant,General Beale Kern County,General Beale Kern County,General Beale Kern County,Kern County,RES,2019,Wild,Dylan,KR5,F,19-Aug,RES,C,4/11/22,Cassie,B3,3,515rcbc_JedArch_206,AATGATACGGCGACCACCGAGATCTACACGCTGGACAAGTGCGATATGGTAATTGTGTGYCAGCMGCCGCGGTAA,GGACAAGTGCGA,kabir_ITSrcbc302,CAAGCAGAAGACGGCATACGAGATTGTATCTTCACCCGGCTGCGTTCTTCATCGATGC,TGTATCTTCACC,4
GW063,GWSS,Susceptible,Susceptible,Urban Site Kern County,Urban Site Kern County,Urban Site Kern County,Kern County,SUS,2019,Wild,Dylan,KS5,M,19-Aug,SUS,C,4/11/22,Cassie,D10,3,515rcbc_JedArch_237,AATGATACGGCGACCACCGAGATCTACACGCTGTGTCGAGGGCATATGGTAATTGTGTGYCAGCMGCCGCGGTAA,GTGTCGAGGGCA,kabir_ITSrcbc333,CAAGCAGAAGACGGCATACGAGATCGGAGTAATCCTCGGCTGCGTTCTTCATCGATGC,CGGAGTAATCCT,4
GW073,GWSS,Susceptible,Susceptible,Urban Site Kern County,Urban Site Kern County,Urban Site Kern County,Kern County,SUS,2019,Wild,Dylan,KS2,F,19-Aug,SUS,C,4/11/22,Cassie,F10,3,515rcbc_JedArch_261,AATGATACGGCGACCACCGAGATCTACACGCTAGTGCAGGAGCCTATGGTAATTGTGTGYCAGCMGCCGCGGTAA,AGTGCAGGAGCC,kabir_ITSrcbc357,CAAGCAGAAGACGGCATACGAGATGGCTGCATACTCCGGCTGCGTTCTTCATCGATGC,GGCTGCATACTC,4
GW011,GWSS,Resistant,Resistant,General Beale Kern County,General Beale Kern County,General Beale Kern County,Kern County,,2020,Wild,DNA from Ina,GR1,F,2020,,A,4/5/22,Cassie/Tania/Jessica,D3,3,515rcbc_JedArch_230,AATGATACGGCGACCACCGAGATCTACACGCTTGGAGCCTTGTCTATGGTAATTGTGTGYCAGCMGCCGCGGTAA,TGGAGCCTTGTC,kabir_ITSrcbc326,CAAGCAGAAGACGGCATACGAGATTGTTAAGCAGCACGGCTGCGTTCTTCATCGATGC,TGTTAAGCAGCA,4
GW015,GWSS,Resistant,Resistant,General Beale Kern County,General Beale Kern County,General Beale Kern County,Kern County,,2020,Wild,DNA from Ina,GR6,M,2020,,Ina,2021,Ina,F4,3,515rcbc_JedArch_255,AATGATACGGCGACCACCGAGATCTACACGCTGATGCCTAATGATATGGTAATTGTGTGYCAGCMGCCGCGGTAA,GATGCCTAATGA,kabir_ITSrcbc351,CAAGCAGAAGACGGCATACGAGATATATGACCCAGCCGGCTGCGTTCTTCATCGATGC,ATATGACCCAGC,4
GW059,GWSS,Resistant,Resistant,General Beale Kern County,General Beale Kern County,General Beale Kern County,Kern County,,2020,Wild,DNA from Ina,GR12,F,2020,,Ina,2021,Ina,C5,3,515rcbc_JedArch_220,AATGATACGGCGACCACCGAGATCTACACGCTGACGTTAAGAATTATGGTAATTGTGTGYCAGCMGCCGCGGTAA,GACGTTAAGAAT,kabir_ITSrcbc316,CAAGCAGAAGACGGCATACGAGATCTCTTCTGATCACGGCTGCGTTCTTCATCGATGC,CTCTTCTGATCA,4
GW074,GWSS,Resistant,Resistant,General Beale Kern County,General Beale Kern County,General Beale Kern County,Kern County,,2020,Wild,DNA from Ina,GR18,F,2020,,Ina,2021,Ina,E12,3,515rcbc_JedArch_251,AATGATACGGCGACCACCGAGATCTACACGCTCAAACCTATGGCTATGGTAATTGTGTGYCAGCMGCCGCGGTAA,CAAACCTATGGC,kabir_ITSrcbc347,CAAGCAGAAGACGGCATACGAGATCTAGCTATGGACCGGCTGCGTTCTTCATCGATGC,CTAGCTATGGAC,4
GW082,GWSS,Resistant,Resistant,General Beale Kern County,General Beale Kern County,General Beale Kern County,Kern County,,2020,Wild,DNA from Ina,GR30,F,2020,,Ina,2021,Ina,F8,3,515rcbc_JedArch_259,AATGATACGGCGACCACCGAGATCTACACGCTATAGTCCTTTAATATGGTAATTGTGTGYCAGCMGCCGCGGTAA,ATAGTCCTTTAA,kabir_ITSrcbc355,CAAGCAGAAGACGGCATACGAGATGCTAGTTATGGACGGCTGCGTTCTTCATCGATGC,GCTAGTTATGGA,4
GW010,GWSS,Resistant,Resistant,Greenhouse Kern County RES,Greenhouse,Urban Site Kern County,Kern County,RES,2022,Captive,Dylan,RES kern greenhouse col,M,,RES,A,4/5/22,Cassie/Tania/Jessica,A11,3,515rcbc_JedArch_202,AATGATACGGCGACCACCGAGATCTACACGCTGTCGCTTGCACATATGGTAATTGTGTGYCAGCMGCCGCGGTAA,GTCGCTTGCACA,kabir_ITSrcbc298,CAAGCAGAAGACGGCATACGAGATGCATTCGGCGTTCGGCTGCGTTCTTCATCGATGC,GCATTCGGCGTT,4
GW013,GWSS,Susceptible,Susceptible,Greenhouse Kern County SUS,Greenhouse,Urban Site Kern County,Kern County,SUS,2022,Captive,Dylan,SUS kern greenhouse col,M,,SUS,A,4/5/22,Cassie/Tania/Jessica,H11,3,515rcbc_JedArch_286,AATGATACGGCGACCACCGAGATCTACACGCTCAGCCCTACCCATATGGTAATTGTGTGYCAGCMGCCGCGGTAA,CAGCCCTACCCA,kabir_ITSrcbc382,CAAGCAGAAGACGGCATACGAGATCCGTGACAACTCCGGCTGCGTTCTTCATCGATGC,CCGTGACAACTC,4
GW025,GWSS,Resistant,Resistant,Greenhouse Kern County RES,Greenhouse,General Beale Kern County,Kern County,RES,2022,Captive,Dylan,RES kern greenhouse col,M,,RES,A,4/5/22,Cassie/Tania/Jessica,A12,3,515rcbc_JedArch_203,AATGATACGGCGACCACCGAGATCTACACGCTTCCGCCTAGTCGTATGGTAATTGTGTGYCAGCMGCCGCGGTAA,TCCGCCTAGTCG,kabir_ITSrcbc299,CAAGCAGAAGACGGCATACGAGATCGCCATTGTGCACGGCTGCGTTCTTCATCGATGC,CGCCATTGTGCA,4
GW034,GWSS,Resistant,Resistant,Greenhouse Kern County RES,Greenhouse,General Beale Kern County,Kern County,RES,2022,Captive,Dylan,RES kern greenhouse col,F,,RES,B,4/5/22,Cassie/Tania/Jessica,G10,3,515rcbc_JedArch_273,AATGATACGGCGACCACCGAGATCTACACGCTGTTGCTGAGTCCTATGGTAATTGTGTGYCAGCMGCCGCGGTAA,GTTGCTGAGTCC,kabir_ITSrcbc369,CAAGCAGAAGACGGCATACGAGATGTTCCTCCATTACGGCTGCGTTCTTCATCGATGC,GTTCCTCCATTA,4
GW041,GWSS,Resistant,Resistant,Greenhouse Kern County RES,Greenhouse,General Beale Kern County,Kern County,RES,2022,Captive,Dylan,RES kern greenhouse col,F,,RES,B,4/5/22,Cassie/Tania/Jessica,C10,3,515rcbc_JedArch_225,AATGATACGGCGACCACCGAGATCTACACGCTAGTTCTCATTAATATGGTAATTGTGTGYCAGCMGCCGCGGTAA,AGTTCTCATTAA,kabir_ITSrcbc321,CAAGCAGAAGACGGCATACGAGATTCGCCGTGTACACGGCTGCGTTCTTCATCGATGC,TCGCCGTGTACA,4
GW061,GWSS,Resistant,Resistant,Greenhouse Kern County RES,Greenhouse,General Beale Kern County,Kern County,RES,2022,Captive,Dylan,RES kern greenhouse col,M,,RES,C,4/11/22,Cassie,E3,3,515rcbc_JedArch_242,AATGATACGGCGACCACCGAGATCTACACGCTACGTGCCTTAGATATGGTAATTGTGTGYCAGCMGCCGCGGTAA,ACGTGCCTTAGA,kabir_ITSrcbc338,CAAGCAGAAGACGGCATACGAGATAAGGGCGCTGAACGGCTGCGTTCTTCATCGATGC,AAGGGCGCTGAA,4
GW062,GWSS,Resistant,Resistant,Greenhouse Kern County RES,Greenhouse,General Beale Kern County,Kern County,RES,2022,Captive,Dylan,RES kern greenhouse col,F,,RES,C,4/11/22,Cassie,H6,3,515rcbc_JedArch_281,AATGATACGGCGACCACCGAGATCTACACGCTGCCACCGCCGGATATGGTAATTGTGTGYCAGCMGCCGCGGTAA,GCCACCGCCGGA,kabir_ITSrcbc377,CAAGCAGAAGACGGCATACGAGATTCTACGGCACGTCGGCTGCGTTCTTCATCGATGC,TCTACGGCACGT,4
GW066,GWSS,Susceptible,Susceptible,Greenhouse Kern County SUS,Greenhouse,Urban Site Kern County,Kern County,SUS,2022,Captive,Dylan,SUS kern greenhouse col,F,,SUS,C,4/11/22,Cassie,B10,3,515rcbc_JedArch_213,AATGATACGGCGACCACCGAGATCTACACGCTAGACTTCTCAGGTATGGTAATTGTGTGYCAGCMGCCGCGGTAA,AGACTTCTCAGG,kabir_ITSrcbc309,CAAGCAGAAGACGGCATACGAGATCGCACTACGCATCGGCTGCGTTCTTCATCGATGC,CGCACTACGCAT,4
GW067,GWSS,Susceptible,Susceptible,Greenhouse Kern County SUS,Greenhouse,Urban Site Kern County,Kern County,SUS,2022,Captive,Dylan,SUS kern greenhouse col,M,,SUS,C,4/11/22,Cassie,H3,3,515rcbc_JedArch_278,AATGATACGGCGACCACCGAGATCTACACGCTGTTGTTCTGGGATATGGTAATTGTGTGYCAGCMGCCGCGGTAA,GTTGTTCTGGGA,kabir_ITSrcbc374,CAAGCAGAAGACGGCATACGAGATGAGTACAGTCTACGGCTGCGTTCTTCATCGATGC,GAGTACAGTCTA,4
GW079,GWSS,Susceptible,Susceptible,Greenhouse Kern County SUS,Greenhouse,Urban Site Kern County,Kern County,SUS,2022,Captive,Dylan,SUS kern greenhouse col,F,,SUS,D,4/11/22,Cassie/Tania/Jessica,C8,3,515rcbc_JedArch_223,AATGATACGGCGACCACCGAGATCTACACGCTAACCGCATAAGTTATGGTAATTGTGTGYCAGCMGCCGCGGTAA,AACCGCATAAGT,kabir_ITSrcbc319,CAAGCAGAAGACGGCATACGAGATTATCCAAGCGCACGGCTGCGTTCTTCATCGATGC,TATCCAAGCGCA,4
GW083,GWSS,Susceptible,Susceptible,Greenhouse Kern County SUS,Greenhouse,Urban Site Kern County,Kern County,SUS,2022,Captive,Dylan,SUS kern greenhouse col,F,,SUS,D,4/11/22,Cassie/Tania/Jessica,G6,3,515rcbc_JedArch_269,AATGATACGGCGACCACCGAGATCTACACGCTATTATGATTATGTATGGTAATTGTGTGYCAGCMGCCGCGGTAA,ATTATGATTATG,kabir_ITSrcbc365,CAAGCAGAAGACGGCATACGAGATGCCAAGGATAGGCGGCTGCGTTCTTCATCGATGC,GCCAAGGATAGG,4
GW086,GWSS,Susceptible,Susceptible,Greenhouse Kern County SUS,Greenhouse,Urban Site Kern County,Kern County,SUS,2022,Captive,Dylan,SUS kern greenhouse col,M,,SUS,D,4/11/22,Cassie/Tania/Jessica,A4,3,515rcbc_JedArch_195,AATGATACGGCGACCACCGAGATCTACACGCTCAAATTCGGGATTATGGTAATTGTGTGYCAGCMGCCGCGGTAA,CAAATTCGGGAT,kabir_ITSrcbc291,CAAGCAGAAGACGGCATACGAGATGATCCTCATGCGCGGCTGCGTTCTTCATCGATGC,GATCCTCATGCG,4
GW018,GWSS,,,Riverside,Riverside,Riverside,Riverside,,2017,Wild,Frank,A1,M,23-Jun-17,,A,4/5/22,Cassie/Tania/Jessica,B4,3,515rcbc_JedArch_207,AATGATACGGCGACCACCGAGATCTACACGCTTACGGTCTGGATTATGGTAATTGTGTGYCAGCMGCCGCGGTAA,TACGGTCTGGAT,kabir_ITSrcbc303,CAAGCAGAAGACGGCATACGAGATGACTGACTCGTCCGGCTGCGTTCTTCATCGATGC,GACTGACTCGTC,4
GW019,GWSS,,,Riverside,Riverside,Riverside,Riverside,,2017,Wild,Frank,A6,F,23-Jun-17,,A,4/5/22,Cassie/Tania/Jessica,E9,3,515rcbc_JedArch_248,AATGATACGGCGACCACCGAGATCTACACGCTTATGTTGACGGCTATGGTAATTGTGTGYCAGCMGCCGCGGTAA,TATGTTGACGGC,kabir_ITSrcbc344,CAAGCAGAAGACGGCATACGAGATTCAGTCAGATGACGGCTGCGTTCTTCATCGATGC,TCAGTCAGATGA,4
GW023,GWSS,,,Riverside,Riverside,Riverside,Riverside,,2017,Wild,Frank,B11,M,26-Jun-17,,A,4/5/22,Cassie/Tania/Jessica,E4,3,515rcbc_JedArch_243,AATGATACGGCGACCACCGAGATCTACACGCTAGTTGTAGTCCGTATGGTAATTGTGTGYCAGCMGCCGCGGTAA,AGTTGTAGTCCG,kabir_ITSrcbc339,CAAGCAGAAGACGGCATACGAGATGTTTCCGTGGTGCGGCTGCGTTCTTCATCGATGC,GTTTCCGTGGTG,4
GW065,GWSS,,,Riverside,Riverside,Riverside,Riverside,,2017,Wild,Frank,B2,M,26-Jun-17,,C,4/11/22,Cassie,B5,3,515rcbc_JedArch_208,AATGATACGGCGACCACCGAGATCTACACGCTTTCAGTTCGTTATATGGTAATTGTGTGYCAGCMGCCGCGGTAA,TTCAGTTCGTTA,kabir_ITSrcbc304,CAAGCAGAAGACGGCATACGAGATTCGTGGATAGCTCGGCTGCGTTCTTCATCGATGC,TCGTGGATAGCT,4
GW080,GWSS,,,Riverside,Riverside,Riverside,Riverside,,2017,Wild,Frank,9C,F,6-Jul-17,,D,4/11/22,Cassie/Tania/Jessica,D9,3,515rcbc_JedArch_236,AATGATACGGCGACCACCGAGATCTACACGCTCACCATCTCCGGTATGGTAATTGTGTGYCAGCMGCCGCGGTAA,CACCATCTCCGG,kabir_ITSrcbc332,CAAGCAGAAGACGGCATACGAGATAATAGCATGTCGCGGCTGCGTTCTTCATCGATGC,AATAGCATGTCG,4
GW093,GWSS,,,Riverside,Riverside,Riverside,Riverside,,2017,Wild,Frank,5C,M,3-Jul-17,,D,4/11/22,Cassie/Tania/Jessica,C7,3,515rcbc_JedArch_222,AATGATACGGCGACCACCGAGATCTACACGCTTTAACAAGGCAATATGGTAATTGTGTGYCAGCMGCCGCGGTAA,TTAACAAGGCAA,kabir_ITSrcbc318,CAAGCAGAAGACGGCATACGAGATACCAATCTCGGCCGGCTGCGTTCTTCATCGATGC,ACCAATCTCGGC,4
GW005,GWSS,,,Greenhouse Riverside G1,Greenhouse,Riverside,Riverside,RIV,2022,Captive,Dylan,G1 of UCR female,F,2/6/22,,A,4/5/22,Cassie/Tania/Jessica,E8,3,515rcbc_JedArch_247,AATGATACGGCGACCACCGAGATCTACACGCTGTGAATGTTCGATATGGTAATTGTGTGYCAGCMGCCGCGGTAA,GTGAATGTTCGA,kabir_ITSrcbc343,CAAGCAGAAGACGGCATACGAGATCCACATTGGGTCCGGCTGCGTTCTTCATCGATGC,CCACATTGGGTC,4
GW006,GWSS,,,Greenhouse Riverside G1,Greenhouse,Riverside,Riverside,RIV,2022,Captive,Dylan,G1 of UCR female,M,2/6/22,,A,4/5/22,Cassie/Tania/Jessica,H5,3,515rcbc_JedArch_280,AATGATACGGCGACCACCGAGATCTACACGCTGCCGCCAGGGTCTATGGTAATTGTGTGYCAGCMGCCGCGGTAA,GCCGCCAGGGTC,kabir_ITSrcbc376,CAAGCAGAAGACGGCATACGAGATTCCGTGGTATAGCGGCTGCGTTCTTCATCGATGC,TCCGTGGTATAG,4
GW012,GWSS,,,Greenhouse Riverside G1,Greenhouse,Riverside,Riverside,RIV,2022,Captive,Dylan,G1 of UCR female,M,2022,,A,4/5/22,Cassie/Tania/Jessica,B11,3,515rcbc_JedArch_214,AATGATACGGCGACCACCGAGATCTACACGCTTCTTGCGGAGTCTATGGTAATTGTGTGYCAGCMGCCGCGGTAA,TCTTGCGGAGTC,kabir_ITSrcbc310,CAAGCAGAAGACGGCATACGAGATCAGTCGTTAAGACGGCTGCGTTCTTCATCGATGC,CAGTCGTTAAGA,4
GW021,GWSS,,,Greenhouse Riverside G1,Greenhouse,Riverside,Riverside,RIV,2022,Captive,Dylan,G1 of UCR female,F,2022,,A,4/5/22,Cassie/Tania/Jessica,G1,3,515rcbc_JedArch_264,AATGATACGGCGACCACCGAGATCTACACGCTGCTGCGTATACCTATGGTAATTGTGTGYCAGCMGCCGCGGTAA,GCTGCGTATACC,kabir_ITSrcbc360,CAAGCAGAAGACGGCATACGAGATAACCGATGTACCCGGCTGCGTTCTTCATCGATGC,AACCGATGTACC,4
GW038,GWSS,Susceptible,Susceptible,Greenhouse Riverside SUS,Greenhouse,Riverside,Riverside,RIV,2022,Captive,Dylan,Riverside sus greenhouse col,M,,,B,4/5/22,Cassie/Tania/Jessica,F5,3,515rcbc_JedArch_256,AATGATACGGCGACCACCGAGATCTACACGCTGTACGTCACTGATATGGTAATTGTGTGYCAGCMGCCGCGGTAA,GTACGTCACTGA,kabir_ITSrcbc352,CAAGCAGAAGACGGCATACGAGATCTCTATTCCACCCGGCTGCGTTCTTCATCGATGC,CTCTATTCCACC,4
GW043,GWSS,Susceptible,Susceptible,Greenhouse Riverside SUS,Greenhouse,Riverside,Riverside,RIV,2022,Captive,Dylan,Riverside sus greenhouse col,M,,,B,4/5/22,Cassie/Tania/Jessica,G4,3,515rcbc_JedArch_267,AATGATACGGCGACCACCGAGATCTACACGCTTTAGTTTGTCACTATGGTAATTGTGTGYCAGCMGCCGCGGTAA,TTAGTTTGTCAC,kabir_ITSrcbc363,CAAGCAGAAGACGGCATACGAGATTTGGGCCACATACGGCTGCGTTCTTCATCGATGC,TTGGGCCACATA,4
GW047,GWSS,Susceptible,Susceptible,Greenhouse Riverside SUS,Greenhouse,Riverside,Riverside,RIV,2022,Captive,Dylan,Riverside sus greenhouse col,F,,,B,4/5/22,Cassie/Tania/Jessica,E10,3,515rcbc_JedArch_249,AATGATACGGCGACCACCGAGATCTACACGCTAGTGTTTCGGACTATGGTAATTGTGTGYCAGCMGCCGCGGTAA,AGTGTTTCGGAC,kabir_ITSrcbc98,CAAGCAGAAGACGGCATACGAGATGATTATCGACGACGGCTGCGTTCTTCATCGATGC,GATTATCGACGA,2
GW050,GWSS,Susceptible,Susceptible,Greenhouse Riverside SUS,Greenhouse,Riverside,Riverside,RIV,2022,Captive,Dylan,Riverside sus greenhouse col,F,,,C,4/11/22,Cassie,D12,3,515rcbc_JedArch_239,AATGATACGGCGACCACCGAGATCTACACGCTAGAATCCACCACTATGGTAATTGTGTGYCAGCMGCCGCGGTAA,AGAATCCACCAC,kabir_ITSrcbc335,CAAGCAGAAGACGGCATACGAGATCTTCGCGGATGTCGGCTGCGTTCTTCATCGATGC,CTTCGCGGATGT,4
GW052,GWSS,,,Riverside,Riverside,Riverside,Riverside,RIV,2022,Wild,Frank,RIVC,F,2/2/22,,C,4/11/22,Cassie,B9,3,515rcbc_JedArch_212,AATGATACGGCGACCACCGAGATCTACACGCTTTGCCGCTCTGGTATGGTAATTGTGTGYCAGCMGCCGCGGTAA,TTGCCGCTCTGG,kabir_ITSrcbc308,CAAGCAGAAGACGGCATACGAGATACCCATACAGCCCGGCTGCGTTCTTCATCGATGC,ACCCATACAGCC,4
GW054,GWSS,Susceptible,Susceptible,Greenhouse Riverside SUS,Greenhouse,Riverside,Riverside,RIV,2022,Captive,Dylan,Riverside sus greenhouse col,F,,,C,4/11/22,Cassie,A10,3,515rcbc_JedArch_201,AATGATACGGCGACCACCGAGATCTACACGCTGCGCGGCGTTGCTATGGTAATTGTGTGYCAGCMGCCGCGGTAA,GCGCGGCGTTGC,kabir_ITSrcbc297,CAAGCAGAAGACGGCATACGAGATGCGAAGTTGGGACGGCTGCGTTCTTCATCGATGC,GCGAAGTTGGGA,4
GW071,GWSS,,,Greenhouse Riverside G1,Greenhouse,Riverside,Riverside,RIV,2022,Captive,Dylan,G1 of UCR female,F,2/4/22,,C,4/11/22,Cassie,F11,3,515rcbc_JedArch_262,AATGATACGGCGACCACCGAGATCTACACGCTGTACTCGAACCATATGGTAATTGTGTGYCAGCMGCCGCGGTAA,GTACTCGAACCA,kabir_ITSrcbc358,CAAGCAGAAGACGGCATACGAGATTTGGTAAAGTGCCGGCTGCGTTCTTCATCGATGC,TTGGTAAAGTGC,4
GW075,GWSS,Susceptible,Susceptible,Greenhouse Riverside SUS,Greenhouse,Riverside,Riverside,RIV,2022,Captive,Dylan,Riverside sus greenhouse col,M,,,D,4/11/22,Cassie/Tania/Jessica,F7,3,515rcbc_JedArch_258,AATGATACGGCGACCACCGAGATCTACACGCTCCGGCTTATGTGTATGGTAATTGTGTGYCAGCMGCCGCGGTAA,CCGGCTTATGTG,kabir_ITSrcbc354,CAAGCAGAAGACGGCATACGAGATTTATGGTACGGACGGCTGCGTTCTTCATCGATGC,TTATGGTACGGA,4
GW089,GWSS,,,Greenhouse Riverside G1,Greenhouse,Riverside,Riverside,RIV,2022,Captive,Dylan,G1 of UCR female,M,2/4/22,,D,4/11/22,Cassie/Tania/Jessica,G8,3,515rcbc_JedArch_271,AATGATACGGCGACCACCGAGATCTACACGCTTCTTATAACGCTTATGGTAATTGTGTGYCAGCMGCCGCGGTAA,TCTTATAACGCT,kabir_ITSrcbc367,CAAGCAGAAGACGGCATACGAGATGCAACCGATTGTCGGCTGCGTTCTTCATCGATGC,GCAACCGATTGT,4
GW001,GWSS,,,San Diego,San Diego,San Diego,San Diego,,2022,Wild,Frank,SD5B,F,3/9/22,,A,4/5/22,Cassie/Tania/Jessica,H10,3,515rcbc_JedArch_285,AATGATACGGCGACCACCGAGATCTACACGCTCGGAGAGACATGTATGGTAATTGTGTGYCAGCMGCCGCGGTAA,CGGAGAGACATG,kabir_ITSrcbc381,CAAGCAGAAGACGGCATACGAGATGCTATCAAGACACGGCTGCGTTCTTCATCGATGC,GCTATCAAGACA,4
GW069,GWSS,,,San Diego,San Diego,San Diego,San Diego,,2022,Wild,Frank,sd5v,F,3/7/22,,C,4/11/22,Cassie,F1,3,515rcbc_JedArch_252,AATGATACGGCGACCACCGAGATCTACACGCTCATTTGACGACGTATGGTAATTGTGTGYCAGCMGCCGCGGTAA,CATTTGACGACG,kabir_ITSrcbc348,CAAGCAGAAGACGGCATACGAGATCTTGACGAGGTTCGGCTGCGTTCTTCATCGATGC,CTTGACGAGGTT,4
GW084,GWSS,,,San Diego,San Diego,San Diego,San Diego,,2022,Wild,Frank,sd5a,M,2/14/22,,D,4/11/22,Cassie/Tania/Jessica,A8,3,515rcbc_JedArch_199,AATGATACGGCGACCACCGAGATCTACACGCTAACTTTCAGGAGTATGGTAATTGTGTGYCAGCMGCCGCGGTAA,AACTTTCAGGAG,kabir_ITSrcbc295,CAAGCAGAAGACGGCATACGAGATTCCATCGACGTGCGGCTGCGTTCTTCATCGATGC,TCCATCGACGTG,4
GW017,GWSS,,,Temecula,Temecula,Temecula,Temecula,,2017,Wild,Frank,T via carlota,M,8/8/17,,A,4/5/22,Cassie/Tania/Jessica,F3,3,515rcbc_JedArch_254,AATGATACGGCGACCACCGAGATCTACACGCTCACCCTTGCGACTATGGTAATTGTGTGYCAGCMGCCGCGGTAA,CACCCTTGCGAC,kabir_ITSrcbc350,CAAGCAGAAGACGGCATACGAGATCTCTGCCTAATTCGGCTGCGTTCTTCATCGATGC,CTCTGCCTAATT,4
GW039,GWSS,,,Temecula,Temecula,Temecula,Temecula,,2017,Wild,Frank,T via carlota,F,8/8/17,,B,4/5/22,Cassie/Tania/Jessica,A7,3,515rcbc_JedArch_198,AATGATACGGCGACCACCGAGATCTACACGCTAACCACTAACCGTATGGTAATTGTGTGYCAGCMGCCGCGGTAA,AACCACTAACCG,kabir_ITSrcbc294,CAAGCAGAAGACGGCATACGAGATAGCTCTAGAAACCGGCTGCGTTCTTCATCGATGC,AGCTCTAGAAAC,4
GW077,GWSS,,,Temecula,Temecula,Temecula,Temecula,,2017,Wild,Frank,T via carlota,F,8/7/17,,D,4/11/22,Cassie/Tania/Jessica,C12,3,515rcbc_JedArch_227,AATGATACGGCGACCACCGAGATCTACACGCTGATATACCAGTGTATGGTAATTGTGTGYCAGCMGCCGCGGTAA,GATATACCAGTG,kabir_ITSrcbc323,CAAGCAGAAGACGGCATACGAGATCTTCCAACTCATCGGCTGCGTTCTTCATCGATGC,CTTCCAACTCAT,4
GW085,GWSS,,,Temecula,Temecula,Temecula,Temecula,,2017,Wild,Frank,T via carlota,M,8/7/17,,D,4/11/22,Cassie/Tania/Jessica,B12,3,515rcbc_JedArch_215,AATGATACGGCGACCACCGAGATCTACACGCTCTATCTCCTGTCTATGGTAATTGTGTGYCAGCMGCCGCGGTAA,CTATCTCCTGTC,kabir_ITSrcbc311,CAAGCAGAAGACGGCATACGAGATCTACGAAAGCCTCGGCTGCGTTCTTCATCGATGC,CTACGAAAGCCT,4
GW090,GWSS,,,Temecula,Temecula,Temecula,Temecula,,2017,Wild,Frank,T via carlota,F,8/17/17,,D,4/11/22,Cassie/Tania/Jessica,D1,3,515rcbc_JedArch_228,AATGATACGGCGACCACCGAGATCTACACGCTCGCAATGAGGGATATGGTAATTGTGTGYCAGCMGCCGCGGTAA,CGCAATGAGGGA,kabir_ITSrcbc324,CAAGCAGAAGACGGCATACGAGATGAGATCGCCTATCGGCTGCGTTCTTCATCGATGC,GAGATCGCCTAT,4
GW091,GWSS,,,Temecula,Temecula,Temecula,Temecula,,2017,Wild,Frank,T via carlota,M,8/17/17,,D,4/11/22,Cassie/Tania/Jessica,G2,3,515rcbc_JedArch_265,AATGATACGGCGACCACCGAGATCTACACGCTCTCAGCGGGACGTATGGTAATTGTGTGYCAGCMGCCGCGGTAA,CTCAGCGGGACG,kabir_ITSrcbc361,CAAGCAGAAGACGGCATACGAGATTCGATTGGCCGTCGGCTGCGTTCTTCATCGATGC,TCGATTGGCCGT,4
GW016,GWSS,Moderate,Susceptible,Temecula,Temecula,Temecula,Temecula,,2019,Wild,Dylan,T6,M,19-Aug,,A,4/5/22,Cassie/Tania/Jessica,C1,3,515rcbc_JedArch_216,AATGATACGGCGACCACCGAGATCTACACGCTAAGGCGCTCCTTTATGGTAATTGTGTGYCAGCMGCCGCGGTAA,AAGGCGCTCCTT,kabir_ITSrcbc96,CAAGCAGAAGACGGCATACGAGATTACCGCTTCTTCCGGCTGCGTTCTTCATCGATGC,TACCGCTTCTTC,2
GW046,GWSS,Moderate,Susceptible,Temecula,Temecula,Temecula,Temecula,,2019,Wild,Dylan,T1,F,19-Aug,,B,4/5/22,Cassie/Tania/Jessica,C9,3,515rcbc_JedArch_224,AATGATACGGCGACCACCGAGATCTACACGCTCCACAACGATCATATGGTAATTGTGTGYCAGCMGCCGCGGTAA,CCACAACGATCA,kabir_ITSrcbc320,CAAGCAGAAGACGGCATACGAGATGTACTGAAGATCCGGCTGCGTTCTTCATCGATGC,GTACTGAAGATC,4
GW048,GWSS,Moderate,Susceptible,Temecula,Temecula,Temecula,Temecula,,2019,Wild,Dylan,T2,F,19-Aug,,C,4/11/22,Cassie,H1,3,515rcbc_JedArch_276,AATGATACGGCGACCACCGAGATCTACACGCTGAGAAGCTTATATATGGTAATTGTGTGYCAGCMGCCGCGGTAA,GAGAAGCTTATA,kabir_ITSrcbc372,CAAGCAGAAGACGGCATACGAGATCGATCGAACACTCGGCTGCGTTCTTCATCGATGC,CGATCGAACACT,4
GW051,GWSS,Moderate,Susceptible,Temecula,Temecula,Temecula,Temecula,,2019,Wild,Dylan,T4,M,19-Aug,,C,4/11/22,Cassie,H4,3,515rcbc_JedArch_279,AATGATACGGCGACCACCGAGATCTACACGCTAGGGTGACTTTATATGGTAATTGTGTGYCAGCMGCCGCGGTAA,AGGGTGACTTTA,kabir_ITSrcbc375,CAAGCAGAAGACGGCATACGAGATCCTACATGAGACCGGCTGCGTTCTTCATCGATGC,CCTACATGAGAC,4
GW056,GWSS,Moderate,Susceptible,Temecula,Temecula,Temecula,Temecula,,2019,Wild,Dylan,T3,M,19-Aug,,C,4/11/22,Cassie,D7,3,515rcbc_JedArch_234,AATGATACGGCGACCACCGAGATCTACACGCTAAGTCACACACATATGGTAATTGTGTGYCAGCMGCCGCGGTAA,AAGTCACACACA,kabir_ITSrcbc330,CAAGCAGAAGACGGCATACGAGATCGAAACTACGTACGGCTGCGTTCTTCATCGATGC,CGAAACTACGTA,4
GW058,GWSS,Susceptible,Susceptible,Temecula,Temecula,Temecula,Temecula,,2019,Wild,Core,B12,F,2019,,C,4/11/22,Cassie,C11,3,515rcbc_JedArch_226,AATGATACGGCGACCACCGAGATCTACACGCTGAGCCATCTGTATATGGTAATTGTGTGYCAGCMGCCGCGGTAA,GAGCCATCTGTA,kabir_ITSrcbc322,CAAGCAGAAGACGGCATACGAGATAACTGCGATATGCGGCTGCGTTCTTCATCGATGC,AACTGCGATATG,4
GW072,GWSS,Moderate,Susceptible,Temecula,Temecula,Temecula,Temecula,,2019,Wild,Dylan,T5,F,19-Aug,,C,4/11/22,Cassie,G5,3,515rcbc_JedArch_268,AATGATACGGCGACCACCGAGATCTACACGCTCCGGCCGCGTGCTATGGTAATTGTGTGYCAGCMGCCGCGGTAA,CCGGCCGCGTGC,kabir_ITSrcbc364,CAAGCAGAAGACGGCATACGAGATCACACAAAGTCACGGCTGCGTTCTTCATCGATGC,CACACAAAGTCA,4
GW003,GWSS,Susceptible,Susceptible,Tulare (SUS),Tulare (SUS),Tulare (SUS),Tulare,,2019,Wild,Core,A10,M,2019,,A,4/5/22,Cassie/Tania/Jessica,F2,3,515rcbc_JedArch_253,AATGATACGGCGACCACCGAGATCTACACGCTACTAAGTACCCGTATGGTAATTGTGTGYCAGCMGCCGCGGTAA,ACTAAGTACCCG,kabir_ITSrcbc349,CAAGCAGAAGACGGCATACGAGATACCTGGGAATATCGGCTGCGTTCTTCATCGATGC,ACCTGGGAATAT,4
GW007,GWSS,Resistant,Resistant,Tulare (RES),Tulare (RES),Tulare (RES),Tulare,,2019,Wild,Core,D11,F,2019,,A,4/5/22,Cassie/Tania/Jessica,D4,3,515rcbc_JedArch_231,AATGATACGGCGACCACCGAGATCTACACGCTTTACTTATCCGATATGGTAATTGTGTGYCAGCMGCCGCGGTAA,TTACTTATCCGA,kabir_ITSrcbc97,CAAGCAGAAGACGGCATACGAGATTGTGCGATAACACGGCTGCGTTCTTCATCGATGC,TGTGCGATAACA,2
GW040,GWSS,Resistant,Resistant,Tulare (RES),Tulare (RES),Tulare (RES),Tulare,,2019,Wild,Core,D12,F,2019,,B,4/5/22,Cassie/Tania/Jessica,C4,3,515rcbc_JedArch_219,AATGATACGGCGACCACCGAGATCTACACGCTACGTATTCGAAGTATGGTAATTGTGTGYCAGCMGCCGCGGTAA,ACGTATTCGAAG,kabir_ITSrcbc315,CAAGCAGAAGACGGCATACGAGATCTACTTACATCCCGGCTGCGTTCTTCATCGATGC,CTACTTACATCC,4
GW042,GWSS,Susceptible,Susceptible,Tulare (SUS),Tulare (SUS),Tulare (SUS),Tulare,,2019,Wild,Core,A12,M,2019,,B,4/5/22,Cassie/Tania/Jessica,F12,3,515rcbc_JedArch_263,AATGATACGGCGACCACCGAGATCTACACGCTATAGGAATAACCTATGGTAATTGTGTGYCAGCMGCCGCGGTAA,ATAGGAATAACC,kabir_ITSrcbc359,CAAGCAGAAGACGGCATACGAGATAAGTGGCTATCCCGGCTGCGTTCTTCATCGATGC,AAGTGGCTATCC,4
GW078,GWSS,Resistant,Resistant,Tulare (RES),Tulare (RES),Tulare (RES),Tulare,,2019,Wild,Core,D9,F,2019,,D,4/11/22,Cassie/Tania/Jessica,E1,3,515rcbc_JedArch_240,AATGATACGGCGACCACCGAGATCTACACGCTACGGCGTTATGTTATGGTAATTGTGTGYCAGCMGCCGCGGTAA,ACGGCGTTATGT,kabir_ITSrcbc336,CAAGCAGAAGACGGCATACGAGATATAGGCTGTAGTCGGCTGCGTTCTTCATCGATGC,ATAGGCTGTAGT,4
GW087,GWSS,Resistant,Resistant,Tulare (RES),Tulare (RES),Tulare (RES),Tulare,,2019,Wild,Core,D10,F,2019,,D,4/11/22,Cassie/Tania/Jessica,D2,3,515rcbc_JedArch_229,AATGATACGGCGACCACCGAGATCTACACGCTCCGCAGCCGCAGTATGGTAATTGTGTGYCAGCMGCCGCGGTAA,CCGCAGCCGCAG,kabir_ITSrcbc325,CAAGCAGAAGACGGCATACGAGATTGTACATCGCCGCGGCTGCGTTCTTCATCGATGC,TGTACATCGCCG,4
GW092,GWSS,Susceptible,Susceptible,Tulare (SUS),Tulare (SUS),Tulare (SUS),Tulare,,2019,Wild,Core,A11,F,2019,,D,4/11/22,Cassie/Tania/Jessica,E6,3,515rcbc_JedArch_245,AATGATACGGCGACCACCGAGATCTACACGCTCGGCCAGAAGCATATGGTAATTGTGTGYCAGCMGCCGCGGTAA,CGGCCAGAAGCA,kabir_ITSrcbc341,CAAGCAGAAGACGGCATACGAGATTAATGCCCAGGTCGGCTGCGTTCTTCATCGATGC,TAATGCCCAGGT,4
GW002,GWSS,Susceptible,Susceptible,Tulare (SUS),Tulare (SUS),Tulare (SUS),Tulare,,2020,Wild,DNA from Ina,T6,F,2020,,Ina,2021,Ina,H2,3,515rcbc_JedArch_277,AATGATACGGCGACCACCGAGATCTACACGCTGTTAACTTACTATATGGTAATTGTGTGYCAGCMGCCGCGGTAA,GTTAACTTACTA,kabir_ITSrcbc373,CAAGCAGAAGACGGCATACGAGATCATGCCAACATGCGGCTGCGTTCTTCATCGATGC,CATGCCAACATG,4
GW026,GWSS,Susceptible,Susceptible,Tulare (SUS),Tulare (SUS),Tulare (SUS),Tulare,,2020,Wild,DNA from Ina,T8,F,2020,,Ina,2021,Ina,D8,3,515rcbc_JedArch_235,AATGATACGGCGACCACCGAGATCTACACGCTGAAGTAGCGAGCTATGGTAATTGTGTGYCAGCMGCCGCGGTAA,GAAGTAGCGAGC,kabir_ITSrcbc331,CAAGCAGAAGACGGCATACGAGATGAGGACCAGCAACGGCTGCGTTCTTCATCGATGC,GAGGACCAGCAA,4
GW030,GWSS,Susceptible,Susceptible,Tulare (SUS),Tulare (SUS),Tulare (SUS),Tulare,,2020,Wild,DNA from Ina,T14,F,2020,,Ina,2021,Ina,G3,3,515rcbc_JedArch_266,AATGATACGGCGACCACCGAGATCTACACGCTATGCCTCGTAAGTATGGTAATTGTGTGYCAGCMGCCGCGGTAA,ATGCCTCGTAAG,kabir_ITSrcbc362,CAAGCAGAAGACGGCATACGAGATGCATTACTGGACCGGCTGCGTTCTTCATCGATGC,GCATTACTGGAC,4
GW070,GWSS,Susceptible,Susceptible,Tulare (SUS),Tulare (SUS),Tulare (SUS),Tulare,,2020,Wild,DNA from Ina,T16,F,2020,,Ina,2021,Ina,E5,3,515rcbc_JedArch_244,AATGATACGGCGACCACCGAGATCTACACGCTAGGGACTTCAATTATGGTAATTGTGTGYCAGCMGCCGCGGTAA,AGGGACTTCAAT,kabir_ITSrcbc340,CAAGCAGAAGACGGCATACGAGATAGGAACCAGACGCGGCTGCGTTCTTCATCGATGC,AGGAACCAGACG,4
GW032,GWSS,,,Ventura,Ventura,Ventura,Ventura,,2022,Wild,Frank,VIOD,M,2/7/22,,B,4/5/22,Cassie/Tania/Jessica,A5,3,515rcbc_JedArch_196,AATGATACGGCGACCACCGAGATCTACACGCTTTGTGTCTCCCTTATGGTAATTGTGTGYCAGCMGCCGCGGTAA,TTGTGTCTCCCT,kabir_ITSrcbc292,CAAGCAGAAGACGGCATACGAGATATTATCGTCCCTCGGCTGCGTTCTTCATCGATGC,ATTATCGTCCCT,4
GW055,GWSS,,,Ventura,Ventura,Ventura,Ventura,,2022,Wild,Frank,VIOD,F,2/7/22,,C,4/11/22,Cassie,C3,3,515rcbc_JedArch_218,AATGATACGGCGACCACCGAGATCTACACGCTCTGATGTACACGTATGGTAATTGTGTGYCAGCMGCCGCGGTAA,CTGATGTACACG,kabir_ITSrcbc314,CAAGCAGAAGACGGCATACGAGATAGGCACAGTAGGCGGCTGCGTTCTTCATCGATGC,AGGCACAGTAGG,4
GW057,GWSS,,,Ventura,Ventura,Ventura,Ventura,,2022,Wild,Frank,VIOD,M,2/7/22,,C,4/11/22,Cassie,F9,3,515rcbc_JedArch_260,AATGATACGGCGACCACCGAGATCTACACGCTTCGAGCCGATCTTATGGTAATTGTGTGYCAGCMGCCGCGGTAA,TCGAGCCGATCT,kabir_ITSrcbc356,CAAGCAGAAGACGGCATACGAGATCAGATTAACCAGCGGCTGCGTTCTTCATCGATGC,CAGATTAACCAG,4
GW068,GWSS,,,Ventura,Ventura,Ventura,Ventura,,2022,Wild,Frank,VIOD,F,2/7/22,,C,4/11/22,Cassie,C2,3,515rcbc_JedArch_217,AATGATACGGCGACCACCGAGATCTACACGCTGATCTAATCGAGTATGGTAATTGTGTGYCAGCMGCCGCGGTAA,GATCTAATCGAG,kabir_ITSrcbc313,CAAGCAGAAGACGGCATACGAGATGGCATGTTATCGCGGCTGCGTTCTTCATCGATGC,GGCATGTTATCG,4
GW076,GWSS,,,Ventura,Ventura,Ventura,Ventura,,2022,Wild,Frank,VIOD,F,2/7/22,,D,4/11/22,Cassie/Tania/Jessica,A3,3,515rcbc_JedArch_194,AATGATACGGCGACCACCGAGATCTACACGCTGCGAGGAAGTCCTATGGTAATTGTGTGYCAGCMGCCGCGGTAA,GCGAGGAAGTCC,kabir_ITSrcbc290,CAAGCAGAAGACGGCATACGAGATAGACATACCGTACGGCTGCGTTCTTCATCGATGC,AGACATACCGTA,4
GW081,GWSS,,,Ventura,Ventura,Ventura,Ventura,,2022,Wild,Frank,VIOD,M,2/7/22,,D,4/11/22,Cassie/Tania/Jessica,D5,3,515rcbc_JedArch_232,AATGATACGGCGACCACCGAGATCTACACGCTATGGGACCTTCATATGGTAATTGTGTGYCAGCMGCCGCGGTAA,ATGGGACCTTCA,kabir_ITSrcbc328,CAAGCAGAAGACGGCATACGAGATACTTTGCTTTGCCGGCTGCGTTCTTCATCGATGC,ACTTTGCTTTGC,4
GW008,Negative Control,,,,,,,,,,,,,,,A,4/5/22,Cassie/Tania/Jessica,A2,3,515rcbc_JedArch_193,AATGATACGGCGACCACCGAGATCTACACGCTGGCGTAACGGCATATGGTAATTGTGTGYCAGCMGCCGCGGTAA,GGCGTAACGGCA,kabir_ITSrcbc289,CAAGCAGAAGACGGCATACGAGATGATCATTCTCTCCGGCTGCGTTCTTCATCGATGC,GATCATTCTCTC,4
GW020,Negative Control,,,,,,,,,,,,,,,A,4/5/22,Cassie/Tania/Jessica,D11,3,515rcbc_JedArch_238,AATGATACGGCGACCACCGAGATCTACACGCTTTCCACACGTGGTATGGTAATTGTGTGYCAGCMGCCGCGGTAA,TTCCACACGTGG,kabir_ITSrcbc334,CAAGCAGAAGACGGCATACGAGATCTGTGTCCATGGCGGCTGCGTTCTTCATCGATGC,CTGTGTCCATGG,4
GW022,Mock Community,,,,,,,,,,,,,,,A,4/5/22,Cassie/Tania/Jessica,E11,3,515rcbc_JedArch_250,AATGATACGGCGACCACCGAGATCTACACGCTATTTCCGCTAATTATGGTAATTGTGTGYCAGCMGCCGCGGTAA,ATTTCCGCTAAT,kabir_ITSrcbc346,CAAGCAGAAGACGGCATACGAGATGCTGTGATTCGACGGCTGCGTTCTTCATCGATGC,GCTGTGATTCGA,4
GW031,Mock Community,,,,,,,,,,,,,,,B,4/5/22,Cassie/Tania/Jessica,B8,3,515rcbc_JedArch_211,AATGATACGGCGACCACCGAGATCTACACGCTAGATTCGCTCGATATGGTAATTGTGTGYCAGCMGCCGCGGTAA,AGATTCGCTCGA,kabir_ITSrcbc307,CAAGCAGAAGACGGCATACGAGATTAAGGCATCGCTCGGCTGCGTTCTTCATCGATGC,TAAGGCATCGCT,4
GW033,Negative Control,,,,,,,,,,,,,,,B,4/5/22,Cassie/Tania/Jessica,B7,3,515rcbc_JedArch_210,AATGATACGGCGACCACCGAGATCTACACGCTCCGAGGTATAATTATGGTAATTGTGTGYCAGCMGCCGCGGTAA,CCGAGGTATAAT,kabir_ITSrcbc306,CAAGCAGAAGACGGCATACGAGATGGCGATTTACGTCGGCTGCGTTCTTCATCGATGC,GGCGATTTACGT,4
GW044,Mock Community,,,,,,,,,,,,,,,B,4/5/22,Cassie/Tania/Jessica,B2,3,515rcbc_JedArch_205,AATGATACGGCGACCACCGAGATCTACACGCTAATACAGACCTGTATGGTAATTGTGTGYCAGCMGCCGCGGTAA,AATACAGACCTG,kabir_ITSrcbc301,CAAGCAGAAGACGGCATACGAGATTAAAGACCCGTACGGCTGCGTTCTTCATCGATGC,TAAAGACCCGTA,4
GW094,PCR Negative,,,,,,,,,,,,,,,,,,D6,3,515rcbc_JedArch_233,AATGATACGGCGACCACCGAGATCTACACGCTTCCGATAATCGGTATGGTAATTGTGTGYCAGCMGCCGCGGTAA,TCCGATAATCGG,kabir_ITSrcbc329,CAAGCAGAAGACGGCATACGAGATCAAAGCGGTATTCGGCTGCGTTCTTCATCGATGC,CAAAGCGGTATT,4
GW095,PCR Negative,,,,,,,,,,,,,,,,,,A1,3,515rcbc_JedArch_192,AATGATACGGCGACCACCGAGATCTACACGCTCCTCGCATGACCTATGGTAATTGTGTGYCAGCMGCCGCGGTAA,CCTCGCATGACC,kabir_ITSrcbc288,CAAGCAGAAGACGGCATACGAGATTCTGAGGTTGCCCGGCTGCGTTCTTCATCGATGC,TCTGAGGTTGCC,4
GW096,PCR Negative,,,,,,,,,,,,,,,,,,H12,3,515rcbc_JedArch_287,AATGATACGGCGACCACCGAGATCTACACGCTTCGTTGGGACTATATGGTAATTGTGTGYCAGCMGCCGCGGTAA,TCGTTGGGACTA,kabir_ITSrcbc383,CAAGCAGAAGACGGCATACGAGATCGTTCCTTGTTACGGCTGCGTTCTTCATCGATGC,CGTTCCTTGTTA,4